<?xml version="1.0" encoding="utf-8"?>
<odoo>
    <data noupdate="1"> <!-- noupdate="1" ensures that the sequence doesn't get reset on module update -->

        <!-- Define the sequence for accreditamento.pratica -->
        <record id="sequence_accreditamento_pratica" model="ir.sequence">
            <field name="name">Accreditamento Pratica</field>
            <field name="code">accreditamento.pratica</field>
            <field name="prefix">ACCR/%(year)s/</field>
            <field name="padding">3</field>
            <field name="company_id" eval="False"/> <!-- No specific company, make it global -->
            <field name="number_increment">1</field>
        </record>

    </data>
</odoo>
